id;dni;nombre;apellidos;password
1;JBOD;Personal Informática redundant;virtual Directo TCP;crítica
2;Contabilidad panel;Investment Silla Cambridgeshire;Borders;Poblado withdrawal
3;Sincronizado optical;nacional Investment;Marketing Respuesta Comunidad;Granada Borders Torrente
4;blockchains Ladrillo;web Guantes Account;invoice;Camiseta initiatives Gran
5;Supervisor Salida Huerta;Inverso;paradigma Nauru;Account Netherlands
6;Suiza Berkshire Account;navigate;modular;Corporativo
7;Moda productividad;Sabroso;neural Zambian;proactive Genérico reboot
8;adaptador Gabón;USB models;habilidad Ergonómico haptic;Técnico Infraestructura
9;EXE dot-com;Reino Práctico;invoice Cuentas Auto;Toallas optimize
10;Algodón Berkshire;navigate;USB Account Versatil;parsing Usabilidad
